fq_label,announce_date,timing,t0,tm1_date,tm1_abs,tm1_bench,tm1_rel,t0_date,t0_abs,t0_bench,t0_rel,tp1_date,tp1_abs,tp1_bench,tp1_rel,timing_flag
1Q16,2016-04-22,BMO,2016-04-22,2016-04-21,-2.478929102629479,-102.34278668310725,99.86385758047777,2016-04-22,126.45673196131968,-42.357044973213576,168.81377693453325,2016-04-25,-195.88638589618122,-145.12698611285012,-50.759399783331105,False
2Q16,2016-07-20,BMO,2016-07-20,2016-07-19,-135.93510195132552,13.80175658720173,-149.73685853852726,2016-07-20,-157.81284729940003,98.98508958777086,-256.7979368871709,2016-07-21,-167.11833785004515,-71.96029776674884,-95.15804008329631,False
3Q16,2016-10-19,BMO,2016-10-19,2016-10-18,161.91709844559642,50.62978513213024,111.2873133134662,2016-10-19,424.8990864669633,251.87369455706988,173.02539190989341,2016-10-20,-65.21296107601438,-53.93096836049938,-11.281992715514999,False
4Q16,2017-01-23,BMO,2017-01-23,2017-01-20,200.57824358511002,-81.42201834862473,282.00026193373475,2017-01-23,-292.29406554473036,-256.67707249392936,-35.616993050801014,2017-01-24,332.1167883211684,36.786519520588534,295.3302688005799,False
1Q17,2017-04-24,BMO,2017-04-24,2017-04-21,-132.10316628223805,-218.27212129133522,86.16895500909716,2017-04-24,-65.87335316617148,-98.8776055585261,33.0042523923546,2017-04-25,57.75401069518793,-1.3495276653163746,59.1035383605043,False
2Q17,2017-07-24,BMO,2017-07-24,2017-07-21,-220.361392684002,-158.088994215701,-62.27239846830101,2017-07-24,-421.3609734114476,26.903041034825325,-448.26401444627294,2017-07-25,42.342978122793525,173.92539240358218,-131.58241428078864,False
3Q17,2017-10-23,BMO,2017-10-23,2017-10-20,-20.727775218793987,-88.05991090532817,67.33213568653417,2017-10-23,-251.55781213939466,-367.2709414393377,115.71312929994303,2017-10-24,-205.96590909091051,-81.12347962285382,-124.84242946805668,False
4Q17,2018-01-22,BMO,2018-01-22,2018-01-19,124.14056531703466,3.273536729081483,120.86702858795317,2018-01-22,639.5019807583479,337.07232867721706,302.42965208113094,2018-01-23,76.2411347517733,1.6292768517350842,74.61185790003822,False
1Q18,2018-04-23,BMO,2018-04-23,2018-04-20,-9.61353585848812,-33.17049216364998,23.556956305161858,2018-04-23,17.32101616628068,118.10663739158733,-100.78562122530666,2018-04-24,-130.64361191162388,-91.49148326205115,-39.15212864957274,False
2Q18,2018-07-23,BMO,2018-07-23,2018-07-20,53.380782918150956,-27.401381358766464,80.78216427691743,2018-07-23,-809.7345132743372,51.645956271749725,-861.3804695460869,2018-07-24,-286.4708714492048,58.65203248227368,-345.1229039314785,False
3Q18,2018-10-22,BMO,2018-10-22,2018-10-19,-121.0526315789473,-81.93494716025762,-39.11768441868968,2018-10-22,-303.6760788492276,-133.60310496141946,-170.0729738878082,2018-10-23,-219.780219780219,-336.4434862081289,116.66326642790992,False
4Q18,2019-01-22,BMO,2019-01-22,2019-01-18,436.89320388349495,505.4571210869174,-68.56391720342248,2019-01-22,-306.97674418604606,-158.62588466120098,-148.35085952484505,2019-01-23,-67.17850287907945,-240.10669813801732,172.92819525893788,False
1Q19,2019-04-22,BMO,2019-04-22,2019-04-18,-145.61570117125666,-230.01730116545937,84.40159999420271,2019-04-22,-12.849341471249387,227.13866330114075,-239.98800477239013,2019-04-23,19.298809906722614,-114.05900246800272,133.3578123747253,False
2Q19,2019-07-22,BMO,2019-07-22,2019-07-19,32.28782287822973,44.599782866930894,-12.31195998870116,2019-07-22,914.9425287356316,185.6388038871615,729.3037248484702,2019-07-23,42.122999157541145,105.9581238419216,-63.83512468438046,False
3Q19,2019-10-21,BMO,2019-10-21,2019-10-18,-43.21988114532771,-4.34791129834855,-38.87196984697916,2019-10-21,640.2604449267502,278.46694153602414,361.793503390726,2019-10-22,147.88373278939338,298.37049474920053,-150.48676195980715,False
4Q19,2020-01-21,BMO,2020-01-21,2020-01-17,62.99874002519967,-31.59475442949644,94.59349445469611,2020-01-21,-79.29883138564352,-371.4021072821666,292.1032758965231,2020-01-22,67.31173748422358,-47.53453942766439,114.84627691188798,False
1Q20,2020-04-20,BMO,2020-04-20,2020-04-17,1364.317841079461,612.464278546776,751.853562532685,2020-04-20,65.9630606860162,-42.092251871435614,108.05531255745183,2020-04-21,-222.80471821756186,-259.53801377530283,36.733295557740966,False
2Q20,2020-07-20,BMO,2020-07-20,2020-07-17,-7.639419404125158,-92.12131758135511,84.48189817722995,2020-07-20,252.29357798165043,-120.37179673854814,372.66537472019854,2020-07-21,678.5980611483966,722.2922867376269,-43.69422558923031,False
3Q20,2020-10-19,BMO,2020-10-19,2020-10-16,-627.3909716908954,-556.776349451435,-70.61462223946047,2020-10-19,-65.30612244897927,1.9445283260577373,-67.250650775037,2020-10-20,468.3648315529987,358.21529608280554,110.14953547019313,False
4Q20,2021-01-19,BMO,2021-01-19,2021-01-15,-468.75000000000114,-379.37465354024204,-89.37534645975909,2021-01-19,-96.43201542912206,102.36852669610607,-198.80054212522813,2021-01-20,-223.95326192794607,-9.396145627958429,-214.55711629998763,False
1Q21,2021-04-21,BMO,2021-04-21,2021-04-20,-416.06192549588974,-371.04162828505093,-45.02029721083878,2021-04-21,-358.4048460373535,105.30065820523626,-463.7055042425897,2021-04-22,62.827225130888124,-24.222622691077444,87.04984782196557,False
2Q21,2021-07-20,BMO,2021-07-20,2021-07-19,-348.95314057826533,-449.455864781354,100.5027242030887,2021-07-20,366.7355371900838,209.93082508628967,156.8047121037941,2021-07-21,348.7792725460892,265.8339708248703,82.94530172121894,False
3Q21,2021-10-19,BMO,2021-10-19,2021-10-18,0.0,36.54540283945407,-36.54540283945407,2021-10-19,34.602076124568,38.92921424054452,-4.327138115976514,2021-10-20,137.9310344827589,-253.89137990741827,391.8224143901772,False
4Q21,2022-01-24,BMO,2022-01-24,2022-01-21,-213.21961620469176,4.187980314674933,-217.4075965193667,2022-01-24,381.26361655773434,1.7991887294466213,379.4644278282877,2022-01-25,699.5452955578885,458.02776045104633,241.51753510684216,False
1Q22,2022-04-19,BMO,2022-04-19,2022-04-18,215.89793915603562,68.48277134225201,147.4151678137836,2022-04-19,-79.25072046109483,-120.78927061895229,41.53855015785746,2022-04-20,-413.9433551198257,-278.23479326069435,-135.70856185913138,False
2Q22,2022-07-19,BMO,2022-07-19,2022-07-18,355.3481694185212,218.43799462497927,136.91017479354196,2022-07-19,211.4384748700182,359.6433828089185,-148.20490793890028,2022-07-20,-67.88866259334614,-424.5168524339732,356.62818984062704,False
3Q22,2022-10-25,BMO,2022-10-25,2022-10-24,206.6115702479321,71.34745927042773,135.26411097750434,2022-10-25,115.67379988432603,24.940200538718926,90.7335993456071,2022-10-26,428.8164665523153,35.5835518490033,393.232914703312,False
4Q22,2023-01-24,BMO,2023-01-24,2023-01-23,-29.491275497665058,-207.1490284474492,177.65775294978414,2023-01-24,-179.9359132363809,-106.82762807640245,-73.10828515997846,2023-01-25,47.69076305220832,211.27013212287272,-163.5793690706644,False
1Q23,2023-04-25,BMO,2023-04-25,2023-04-24,320.3592814371259,131.51459513035314,188.84468630677276,2023-04-25,-353.9309544531477,-274.5040074747629,-79.42694697838482,2023-04-26,-460.15037593984954,-210.9811006455614,-249.16927529428813,False
2Q23,2023-07-19,BMO,2023-07-19,2023-07-18,200.7494646680952,97.862616354919,102.88684831317619,2023-07-19,-288.63815271582325,56.17608357334491,-344.8142362891682,2023-07-20,-151.3104566333412,-85.42142132623387,-65.88903530710732,False
3Q23,2023-10-24,BMO,2023-10-24,2023-10-23,-109.23771075754041,29.71716878454489,-138.9548795420853,2023-10-24,-340.93637454982064,-183.75743168030755,-157.17894286951307,2023-10-25,37.285607755408456,-100.03866976024678,137.32427751565524,False
4Q23,2024-01-23,BMO,2024-01-23,2024-01-22,135.4136002355011,150.35683632249942,-14.943236086998324,2024-01-23,252.6866105140857,63.115801981369344,189.57080853271634,2024-01-24,433.4277620396598,-112.32415864052547,545.7519206801853,False
1Q24,2024-04-23,BMO,2024-04-23,2024-04-22,-92.118730808598,-55.574699558799125,-36.54403124979888,2024-04-23,-33.574380165287685,87.21888555907054,-120.79326572435822,2024-04-24,33.687483804092366,-94.399596367305,128.08708017139736,False
2Q24,2024-07-19,BMO,2024-07-19,2024-07-18,22.00220022002153,-55.738978771919804,77.74117899194133,2024-07-19,-559.8243688254668,103.06847780185868,-662.8928466273254,2024-07-22,-293.6046511627899,-60.72586726164009,-232.8787839011498,False
3Q24,2024-11-07,BMO,2024-11-07,2024-11-06,690.5012267788279,936.180140998033,-245.67891421920507,2024-11-07,-311.475409836065,-18.428636781217534,-293.0467730548475,2024-11-08,-108.29103214890057,-16.798809214635945,-91.49222293426462,False
4Q24,2025-01-22,BMO,2025-01-22,2025-01-21,-123.74581939799234,72.07427700401503,-195.82009640200738,2025-01-22,-355.57060616322354,-371.93778402993536,16.367177866711824,2025-01-23,-179.0730337078661,31.670306018607985,-210.7433397264741,False
1Q25,2025-04-22,BMO,2025-04-22,2025-04-21,-270.75011096316047,-212.41754354142438,-58.332567421736094,2025-04-22,-556.5693430656949,72.62982219654712,-629.199165262242,2025-04-23,-43.47826086956496,-405.7407597664303,362.26249889686534,False
2Q25,2025-07-22,BMO,2025-07-22,2025-07-21,-18.85014137606,49.3777571451548,-68.2278985212148,2025-07-22,99.15014164306069,142.08132913452243,-42.93118749146174,2025-07-23,271.15474520803986,697.201617531844,-426.0468723238042,True
3Q25,2025-10-21,BMO,2025-10-21,2025-10-20,157.16210148181364,244.32185786767425,-87.1597563858606,2025-10-21,1158.2670203359858,64.23883701828225,1094.0281833177035,2025-10-22,423.9302694136282,264.670784781692,159.25948463193617,False
4Q25,2026-01-21,BMO,2026-01-21,2026-01-20,-156.58581516733162,-77.30233606358216,-79.28347910374944,2026-01-21,405.4897067997487,450.092964086507,-44.60325728675829,2026-01-22,107.91366906474752,163.61209125436594,-55.6984221896184,False
1Q26,2026-04-21,BMO,2026-04-21,2026-04-20,-126.51413189771144,-94.69682289930725,-31.81730899840418,2026-04-21,400.76335877862635,145.86016523595592,254.90319354267044,2026-04-22,251.63826998689353,339.74776627924916,-88.10949629235564,False
2Q26,2026-07-21,BMO,2026-07-21,2026-07-20,-31.232254400908044,-135.3357748620676,104.10352046115956,2026-07-21,-546.8527485047003,133.07042249117052,-679.9231709958708,2026-07-22,-48.207291352816426,135.41516528331908,-183.62245663613552,False
